BB,01-001,1,60 G,,,,,,x,10/13/2014,0.2,10/29/2014,10/31/2014,124,59.2,115,158.1,11/20/2014,124,90.88,115,95.05,N/A,11/27/2014,124-t,90.8833333333,2,545.3,115-b,95.05,2,570.3
BB,01-001,2,60 G,,,,,,x,10/13/2014,0.22,10/28/2014,10/29/2014,77,355.73,88,409.3,11/10/2014,77,319.73,88,628.2,N/A,11/27/2014,77,319.7333333333,-0,-0,88,628.2333333333,-0,-0
BB,01-001,3,60 G,,,,,,x,10/13/2014,0.165,10/28/2014,10/29/2014,24,176.4,86,436.8,11/24/2014,24,247.6,86,294.33,N/A,11/27/2014,24-t,247.6,2,742.8,86-b,294.3333333333,2,883
BB,01-001,4,60 G,,,,,,x,10/14/2014,0.245,10/24/2014,10/29/2014,23,173.25,80,461.75,11/18/2014,23,241.45,80,293.1,N/A,11/27/2014,23-t,241.45,1,482.9,80,293.1,2,586.2
BB,01-001,5,60 G,,,,,,x,10/14/2014,0.1,10/24/2014,10/29/2014,23,173.25,80,461.75,11/18/2014,23,241.45,80,293.1,N/A,11/27/2014,23,241.45,-0,-0,80,293.1,-0,-0
BB,01-001,6,60 G,,,,,,x,10/13/2014,0.17,10/28/2014,10/29/2014,24,176.4,86,436.8,11/24/2014,24,247.6,86,294.3,N/A,11/27/2014,24,247.6,-0,-0,86,294.3333333333,-0,-0
BB,01-001,7,60 G,,,,,,x,10/14/2014,0.06,10/23/2014,10/29/2014,20,183.07,79,512.2,11/12/2014,20,276.83,79,321.2,N/A,11/27/2014,20,276.8333333333,2,830.5,79,321.2333333333,2,963.7
BB,01-001,8,60 G,,,,,,x,10/14/2014,0.085,10/24/2014,10/29/2014,21,140.6,60,483.7,11/18/2014,21,230.75,60,288.8,N/A,11/27/2014,21,230.75,1,461.5,60,288.75,2,577.5
BB,01-001,9,60 G,,,,,,4.125,10/23/2014,0.11,10/24/2014,11/7/2014,170,49.3,163,450.7,11/13/2014,170,108.3,163,203.23,N/A,11/27/2014,170,108.3,1,324.9,163,203.2333333333,2,609.7
BB,01-001,10,60 G,,,,,,x,10/14/2014,N/A,N/A,10/29/2014,1,136.88,59,294.4,11/17/2014,1,185.7,59,183.9,N/A,11/27/2014,1,185.7,2,742.8,59,183.925,2,735.7
BB,01-001,11,60 G,,,,,,x,10/14/2014,0.13,10/23/2014,10/29/2014,20,183.07,79,512.2,11/12/2014,20,276.83,79,321.2,N/A,11/27/2014,20,276.8333333333,-0,-0,79,321.2333333333,-0,-0
BB,01-001,12,60 G,,,,,,x,10/14/2014,0.2,10/23/2014,10/29/2014,20,183.07,79,512.2,11/12/2014,20,276.83,79,321.2,N/A,11/27/2014,20,276.8333333333,-0,-0,79,321.2333333333,-0,-0
BB,01-001,13,60 G,,,,,,x,10/14/2014,0.045,10/23/2014,10/29/2014,21,140.6,60,483.7,11/18/2014,21,230.75,60,288.8,N/A,11/27/2014,21,230.75,-0,-0,60,288.75,-0,-0
BB,01-001,14,60 G,,,,,,x,10/14/2014,0.195,10/28/2014,10/29/2014,2,164.8,69,397.4,11/10/2014,2,206.33,69,277.9,N/A,11/27/2014,2,206.3333333333,2,619,69,277.8666666667,2,833.6
BB,01-001,15,60 G,,,,,,x,10/13/2014,0.18,10/28/2014,10/29/2014,77,355.73,88,409.3,11/10/2014,77,319.73,88,628.2,N/A,11/27/2014,77,319.7333333333,2,959.2,88,628.2333333333,2,925.5
BB,01-001,16,60 G,,,,,,x,10/13/2014,0.185,10/28/2014,10/29/2014,77,355.73,88,409.3,11/10/2014,77,319.73,88,628.2,N/A,11/27/2014,77,319.7333333333,-0,-0,88,628.2333333333,-0,-0
BB,1,17,45G,,,,,,x,10/11/2014,0.21,11/6/2014,11/7/2014,170,49.3,163,450.7,11/13/2014,170,108.3,163,203.23,N/A,11/27/2014,170,108.3,-0,-0,163,203.2333333333,-0,-0
BB,1,18,45G,,,,,,x,10/11/2014,0.335,11/6/2014,11/7/2014,to be processed,to be processed,147,544.7,11/25/2014,147-t,23.06,147,206.3,N/A,11/27/2014,147-t,23.06,1,56,147,206.3,1,206.3
BB,1,19,45G,,,,,,x,10/11/2014,0.165,11/6/2014,11/7/2014,to be processed,to be processed,174 173,611.1,12/2/2014,174-t,71.2,174,195.4,N/A,12/2/2014,174-t,71.2,1,71.2,174,195.4,1,195.4
BB,1,20,45G,,,,,,x,10/11/2014,0.315,11/6/2014,11/7/2014,to be processed,to be processed,161,271.1,11/28/2014,161-t,63.6,161,203.4,N/A,11/28/2014,161-t,63.6,1,127.2,161,203.4,1,406.8
BB,1,21,45G,,,,,,x,10/11/2014,0.14,11/6/2014,11/7/2014,to be processed,to be processed,178,549.2,11/25/2014,178-t,62.7,178,186,N/A,11/27/2014,178-t,62.7,1,125.4,178,186,1,372
BB,1,22,45G,,,,,,x,10/10/2014,0.22,11/6/2014,11/7/2014,to be processed,to be processed,167,561.4,11/25/2014,167-t,59.4,167,211.1,N/A,11/27/2014,167-t,59.4,1,59.4,167,211.1,1,211.1
BB,1,23,45G,,,,,,x,10/11/2014,0.21,11/6/2014,11/7/2014,to be processed,to be processed,161,271.1,11/28/2014,161-t,63.6,161,203.4,N/A,11/27/2014,161-t,63.6,-0,-0,161,203.4,-0,-0
BB,1,24,45G,,,,,,x,10/11/2014,0.195,11/6/2014,11/7/2014,to be processed,to be processed,178,549.2,11/25/2014,178-t,62.7,178,186,N/A,11/28/2014,178-t,62.7,-0,-0,178,186,-0,-0
BB,01-002,25,45G,,,,,,x,10/15/2014,0.035,10/30/2014,10/31/2014,124,59.2,115,158.1,11/20/2014,124,90.88,115,95.1,N/A,11/27/2014,124,90.8833333333,-0,-0,115,95.05,2,570.3
BB,01-002,26,45G,,,,x,10/14/2014,x,Destroyed,0.02,10/27/2014,10/29/2014,1,136.88,59,294.4,11/17/2014,1,185.7,59,183.9,N/A,11/27/2014,1,185.7,-0,-0,59,183.925,2,735.7
BB,01-002,27,45G,,,,x,10/14/2014,x,Destroyed,0.045,10/27/2014,10/29/2014,1,136.88,59,294.4,11/17/2014,1,185.7,59,183.9,N/A,11/27/2014,1,185.7,-0,-0,59,183.925,-0,-0
BB,1,28,45G,,,,,,x,10/14/2014,0.165,11/6/2014,11/7/2014,to be processed,to be processed,149,519.2,11/28/2014,149-t,68.15,149,179.15,N/A,11/28/2014,149-t,68.15,1,136.3,149,179.15,1,358.3
BB,1,29,45G,,,,,,x,10/14/2014,0.21,11/6/2014,11/7/2014,to be processed,to be processed,149,519.2,11/28/2014,149-t,68.15,149,179.15,N/A,11/28/2014,149-t,68.15,-0,-0,149,179.15,-0,-0
BB,01-002,30,45G,,,,,,x,10/14/2014,0.05,2014-10-27 + 2014-10-30,10/29/2014,22 124,148.4,76 115,365.93,11/20/2014,22 124,213.75,76 115,223.68,N/A,11/27/2014,22 124,213.75,-0,-0,76 115,223.6833333333,"2 ""115""",570.3
BB,01-002,31,45G,,,,,,x,10/14/2014,0.03,10/27/2014,10/29/2014,22,89.2,76,207.8,11/17/2014,22,122.87,76,128.63,N/A,11/27/2014,22,122.8666666667,1,368.6,76,128.6333333333,1,385.9
BB,01-002,32,45G,,,,,,x,10/14/2014,0.055,10/27/2014,10/29/2014,22,89.2,76,207.8,11/17/2014,22,122.87,76,128.63,N/A,11/27/2014,22,122.8666666667,-0,-0,76,128.6333333333,-0,-0
BB,01-002,33,45G,,,,,,x,10/15/2014,0.055,10/28/2014,10/29/2014,2 124,224,69 115,555.6,11/20/2014,2,206.33,69 115,277.87,N/A,11/27/2014,2,206.3333333333,-0,-0,69 115,277.8666666667,-0,-0
BB,01-002,34,45G,,,,,,x,10/15/2014,0.085,10/27/2014,10/29/2014,1,136.88,59,294.4,11/17/2014,1,185.7,59,183.9,N/A,11/27/2014,1,185.7,-0,-0,59,183.925,-0,-0
BB,01-002,35,45G,,,,,,x,10/15/2014,0.085,2014-10-27 + 2014-10-30,10/29/2014,24 124,235.6,86 115,595,11/24/2014,24 124,338.48,86 115,389.4,N/A,11/27/2014,24 124,338.4833333333,-0,-0,86 115,389.3833333333,-0,-0
BB,01-002,36,45G,,,,,,1.72,10/23/2014,N/A,N/A,11/7/2014,170,49.3,163,450.7,11/13/2014,170,108.3,163,203.2,N/A,11/27/2014,170,108.3,-0,-0,163,203.2333333333,-0,-0
BB,01-002,37,45G,,,,,,x,10/15/2014,N/A,N/A,11/7/2014,to be processed,to be processed,161,271.1,11/28/2014,161-t,63.6,161,203.4,N/A,11/28/2014,161-t,63.6,-0,-0,161,203.4,-0,-0
BB,01-002,38,45G,,,,,,x,10/15/2014,0.045,10/30/2014,10/31/2014,124,59.2,115,158.1,11/20/2014,124,90.88,115,95.05,N/A,11/27/2014,124,90.8833333333,-0,-0,115,95.05,-0,-0
BB,01-002,39,45G,,,,,,x,10/15/2014,0.09,10/28/2014,10/29/2014,2,164.8,69,397.4,11/10/2014,2,206.33,69,277.9,N/A,11/27/2014,2,206.3333333333,-0,-0,69,277.8666666667,-0,-0
BB,1,40,45G,,,,,,x,10/11/2014,0.3,11/6/2014,11/7/2014,to be processed,to be processed,161,271.1,11/28/2014,161-t,63.6,161,203.4,N/A,11/28/2014,161-t,63.6,-0,-0,161,203.4,-0,-0
YO,01-001,41,60G,,6.2,10/24/2014,x,10/14/2014,x,Destroyed,0.545,10/21/2014,10/29/2014,33,128.9,100,629.3,11/24/2014,33,211.05,100,397.15,10/24/2014,11/27/2014,33,211.05,1,422.1,100,397.15,2,794.3
YO,01-001,42,60G,,6.2,10/24/2014,x,10/14/2014,x,Destroyed,0.03,10/24/2014,10/29/2014,34,96.4,64,336.1,11/14/2014,34,120,64,69.33,10/24/2014,11/27/2014,34,120,1,360,64,69.3333333333,1,208
YO,01-001,43,60G,,6.2,10/24/2014,x,10/14/2014,x,Destroyed,0.02,10/24/2014,10/29/2014,34,96.4,64,336.1,11/14/2014,34,120,64,69.33,10/24/2014,11/27/2014,34,120,-0,-0,64,69.3333333333,-0,-0
YO,01-001,44,60G,,6.2,10/24/2014,x,10/14/2014,x,Destroyed,0.115,10/21/2014,10/29/2014,33,128.9,100,629.3,11/24/2014,33,211.05,100,397.15,10/24/2014,11/27/2014,33,211.05,-0,-0,100,397.15,-0,-0
YO,01-001,45,60G,,6.2,10/24/2014,x,10/14/2014,x,Destroyed,0.555,10/21/2014,10/29/2014,35,96.4,99,417,12/1/2014,35,95.4,99,219.67,10/24/2014,12/1/2014,35,95.4333333333,1,496.8,99,219.6666666667,2,659
YO,01-001,46,60G,,6.2,10/24/2014,x,10/14/2014,x,Destroyed,0.09,10/21/2014,10/29/2014,35,96.4,99,417,12/1/2014,35,95.4,99,219.7,10/24/2014,12/1/2014,35,95.4333333333,-0,-0,99,219.6666666667,-0,-0
YO,01-001,47,60G,,,,,,x,10/14/2014,0.075,10/21/2014,10/29/2014,35,96.4,99,417,12/1/2014,35,95.4,99,219.7,10/24/2014,12/1/2014,35,95.4333333333,-0,-0,99,219.6666666667,-0,-0
YO,01-001,48,60G,,6.2,10/24/2014,x,10/14/2014,x,Destroyed,0.025,10/24/2014,10/29/2014,34,96.4,64,336.1,11/14/2014,34,120,64,69.3,10/24/2014,11/27/2014,34,120,-0,-0,64,69.3333333333,-0,-0
YO,01-001,49,60G,,6.2,10/24/2014,x,10/14/2014,x,Destroyed,N/A,N/A,10/29/2014,36,83.73,68,231.3,11/14/2014,36,102.4,68,153.8,10/24/2014,11/27/2014,36,102.4,1,307.2,68,153.8,1,461.4
YO,01-001,50,60G,,6.2,10/24/2014,x,10/14/2014,x,Destroyed,N/A,N/A,10/29/2014,36,83.73,68,231.3,11/14/2014,36,102.4,68,153.8,10/24/2014,11/27/2014,36,102.4,-0,-0,68,153.8,-0,-0
YO,01-001,51,60G,,6.2,10/24/2014,x,10/14/2014,x,Destroyed,0.13,10/24/2014,10/29/2014,36,83.73,68,231.3,11/14/2014,36,102.4,68,153.8,10/24/2014,11/27/2014,36,102.4,-0,-0,68,153.8,-0,-0
YO,01-001,52,60G,,6.2,10/24/2014,x,10/14/2014,x,Destroyed,0.065,10/24/2014,10/29/2014,26,122.15,74,392.1,11/21/2014,26,182.3,74,188.5,10/24/2014,11/27/2014,26,182.3,1,364.6,74,188.5,1,377
YO,1,53,45G,,,,,,x,10/11/2014,0.235,11/6/2014,11/7/2014,to be processed,to be processed,157,380,12/4/2014,157-t,43.6,157,93.5,N/A,12/4/2014,157-t,43.6,1,87.2,157,93.5,1,187
YO,1,54,45G,,,,,,x,10/11/2014,0.29,11/6/2014,11/7/2014,to be processed,to be processed,162,452.4,12/3/2014,162-t,40.7,162,88.8,N/A,12/3/2014,162-t,40.7,1,40.7,162,88.8,1,88.8
YO,1,55,45G,,,,,,x,10/11/2014,0.265,11/6/2014,11/7/2014,to be processed,to be processed,152,436,12/4/2014,152-t,54,152,463.8,N/A,12/4/2014,152-t,54,-0,-0,152,463.8,-0,-0
YO,1,56,45G,,,,,,x,10/11/2014,0.25,11/6/2014,11/7/2014,to be processed,to be processed,164,562,12/4/2014,164-t,61.3,164,138.2,N/A,12/4/2014,164-t,61.3,1,61.3,164,138.2,1,138.2
YO,1,57,45G,,,,,,x,10/11/2014,0.29,11/6/2014,11/7/2014,to be processed,to be processed,148,557.6,12/1/2014,148-t,67.3,148,163.6,N/A,10/24/2014,148-t,67.3,1,67.3,148,163.6,1,163.6
YO,1,58,45G,,,,,,x,10/11/2014,0.21,11/6/2014,11/7/2014,to be processed,to be processed,157,380,12/4/2014,157-t,43.6,157,93.5,N/A,12/4/2014,157-t,43.6,-0,-0,157,93.5,-0,-0
YO,1,59,45G,,,,,,x,10/11/2014,0.37,11/6/2014,11/7/2014,to be processed,to be processed,171,279,12/4/2014,171-t,282.3,171,120.1,N/A,12/4/2014,171-t,282.3,1,282.3,171,120.1,1,120.1
YO,1,60,45G,,x,10/17/2014,,,x,10/15/2014,0.02,10/27/2014,10/29/2014,125,43.45,70,173.4,11/19/2014,125,62.5,70,96.4,10/17/2014,11/27/2014,125,62.5,1,500,70,96.3666666667,1,289.1
YO,02-001,61,45G,,x,10/17/2014,x,10/14/2014,x,Destroyed,N/A,N/A,10/29/2014,125,43.45,70,173.4,11/19/2014,125,62.5,70,96.4,10/17/2014,11/27/2014,125,62.5,-0,-0,70,96.3666666667,-0,-0
YO,02-001,62,45G,,x,10/17/2014,x,10/14/2014,x,Destroyed,N/A,N/A,10/29/2014,125,43.45,70,173.4,11/19/2014,125,62.5,70,96.4,10/17/2014,11/27/2014,125,62.5,-0,-0,70,96.3666666667,-0,-0
YO,02-001,63,45G,,x,10/17/2014,x,10/14/2014,x,Destroyed,0.125,10/21/2014,10/29/2014,27,140.07,no stem stage,no stem stage,10/29/2014,27,138.03,40,146.63,10/17/2014,11/27/2014,27,138.0333333333,1,414.1,40,146.6333333333,1,439.9
YO,02-001,64,45G,,x,10/17/2014,x,10/14/2014,x,Destroyed,0.1,10/21/2014,10/29/2014,27,140.07,no stem stage,no stem stage,10/29/2014,27,138.03,40,146.63,10/17/2014,11/27/2014,27,138.0333333333,-0,-0,40,146.6333333333,-0,-0
YO,02-001,65,45G,,x,10/17/2014,x,10/14/2014,x,Destroyed,0.215,"2014-10-27 (63,64,65)",10/29/2014,27,140.07,no stem stage,no stem stage,10/29/2014,27,138.03,40,146.63,10/17/2014,11/27/2014,27,138.0333333333,-0,-0,40,146.6333333333,-0,-0
YO,02-001,66,45G,,x,10/17/2014,x,10/14/2014,x,Destroyed,N/A,N/A,10/29/2014,28,60.5,85,219.5,12/4/2014,28,92.33,85,77.33,10/17/2014,12/4/2014,28,92.3333333333,1,277,85,77.3333333333,1,232
YO,02-001,67,45G,,x,10/17/2014,x,10/14/2014,x,Destroyed,0.01,10/21/2014,10/29/2014,28,60.5,85,219.5,12/4/2014,28,92.33,85,77.33,10/17/2014,12/4/2014,28,92.3333333333,-0,-0,85,77.3333333333,-0,-0
YO,01-002,68,45G,,,,,,x,10/14/2014,0.045,10/21/2014,10/29/2014,28,60.5,85,219.5,12/4/2014,28,92.33,85,77.33,N/A,12/4/2014,28,92.3333333333,-0,-0,85,77.3333333333,-0,-0
YO,02-001,69,45G,,,,,,x,10/14/2014,N/A,N/A,10/29/2014,26,122.15,74,392.1,11/21/2014,26,182.3,74,188.5,N/A,11/27/2014,26,182.3,1,364.6,74,188.5,1,377
YO,01-002,70,45G,,,,,,x,10/14/2014,0.315,10/27/2014,10/29/2014,30,44.97,72,189.3,11/26/2014,30,73.23,72,101.1,N/A,11/27/2014,30,73.2333333333,1,439.4,72,101.1,2,606.6
YO,02-001,71,45G,,,,,,x,10/14/2014,0.055,10/27/2014,10/29/2014,30,44.97,72,189.3,11/26/2014,30,73.23,72,101.1,N/A,11/27/2014,30,73.2333333333,-0,-0,72,101.1,-0,-0
YO,02-001,72,45G,,,,,,x,10/14/2014,0.05,10/27/2014,10/29/2014,30,44.97,72,189.3,11/26/2014,30,73.23,72,101.1,N/A,11/27/2014,30,73.2333333333,-0,-0,72,101.1,-0,-0
YO,02-001,73,45G,,x,10/17/2014,x,10/14/2014,x,Destroyed,0.01,10/27/2014,10/29/2014,30,44.97,72,189.3,11/26/2014,30,73.23,72,101.1,10/17/2014,11/27/2014,30,73.2333333333,-0,-0,72,101.1,-0,-0
YO,02-001,74,45G,,x,10/17/2014,x,10/14/2014,x,Destroyed,0.02,10/27/2014,10/29/2014,30,44.97,72,189.3,11/26/2014,30,73.23,72,101.1,10/17/2014,11/27/2014,30,73.2333333333,-0,-0,72,101.1,-0,-0
YO,02-001,75,45G,,x,10/17/2014,x,10/14/2014,x,Destroyed,0.02,10/27/2014,10/29/2014,30,44.97,72,189.3,11/26/2014,30,73.23,72,101.1,10/17/2014,11/27/2014,30,73.2333333333,-0,-0,72,101.1,-0,-0
GM,03-001,76,60G,,,,,,x,10/13/2014,0.095,10/29/2014,10/31/2014,39,36.44,78,134.6,11/26/2014,39,108.89,78,160.6,N/A,11/27/2014,39,108.8875,2,871.1,78,160.6142857143,3,1124.3
GM,03-001,77,60G,,,,,,3.375,10/22/2014,0.04,10/31/2014,10/31/2014,120,79.1,111,198.8,12/17/2014,120,113.775,111,129.7,N/A,,120,,,,111,,,
GM,03-001,78,60G,,,,,,4.965,10/22/2014,0.05,10/30/2014,10/31/2014,119,119.53,103,119.5,12/16/2014,119,179,103,179,N/A,,119,,,,103,,,
GM,03-001,79,60G,,,,,,4.765,10/22/2014,0.03,10/31/2014,10/31/2014,117,84.8,101,260.7,11/20/2014,117,118.2,101,196.525,N/A,11/27/2014,117,118.2,1,472.8,101,196.525,2,786.1
GM,03-001,80,60G,,,,,,5.605,10/22/2014,0.045,10/31/2014,10/31/2014,123,94.2,102,331,12/16/2014,123,151.2,102,213.9,N/A,,123,,,,102,,,
GM,03-001,81,60G,,,,,,5.56,10/23/2014,0.035,10/31/2014,10/31/2014,117,84.8,101,260.7,11/20/2014,117,118.2,101,196.53,N/A,11/27/2014,117,118.2,-0,-0,101,196.525,-0,-0
GM,03-001,82,60G,,,,,,3.69,10/22/2014,0.05,10/31/2014,10/31/2014,117,84.8,101,260.7,11/20/2014,117,118.2,101,196.53,N/A,11/27/2014,117,118.2,-0,-0,101,196.525,-0,-0
GM,03-001,83,60G,,,,,,4.655,10/22/2014,0.055,10/31/2014,10/31/2014,119,119.53,103,119.5,12/16/2014,119,179,103,179,N/A,,119,,,,103,,,
GM,03-001,84,60G,,,,,,4.7,10/22/2014,0.07,10/31/2014,10/31/2014,116,120.83,105,312.9,12/17/2014,116,165.2,105,207.63,N/A,,116,,,,105,,,
GM,03-001,85,60G,,,,,,3.39,10/22/2014,0.05,10/31/2014,10/31/2014,116,120.83,105,312.9,12/17/2014,116,165.2,105,207.63,N/A,,116,,,,105,,,
GM,03-001,86,60G,,,,,,3.335,10/22/2014,0.05,10/31/2014,10/31/2014,119,119.53,103,119.5,12/16/2014,119,179,103,179,N/A,,119,,,,103,,,
GM,03-001,87,60G,,,,,,4.4,10/22/2014,0.06,10/31/2014,10/31/2014,116,120.83,105,312.9,12/17/2014,116,165.2,105,207.63,N/A,,116,,,,105,,,
GM,1,88,45G,,,,,,x,10/12/2014,0.14,11/6/2014,11/7/2014,to be processed,to be processed,156,147.6,12/18/2014,156-t,17.05,156,42.98,N/A,,156-t,,,,156,,,
GM,1,89,45G,,,,,,x,10/12/2014,0.165,11/6/2014,11/7/2014,to be processed,to be processed,156,147.6,12/18/2014,156-t,17.05,156,42.98,N/A,,156-t,,,,156,,,
GM,1,90,45G,,,,,,x,10/12/2014,0.14,11/6/2014,11/7/2014,to be processed,to be processed,155,374.3,12/17/2014,155-t,50.5,155,115,N/A,,155-t,,,,155,,,
GM,1,91,45G,,,,,,x,10/12/2014,0.155,11/6/2014,11/7/2014,to be processed,to be processed,158,325.6,12/12/2014,158-t,25.95,158,341.6,N/A,,158-t,,,,158,,,
GM,1,92,45G,,,,,,x,10/12/2014,0.125,11/6/2014,11/7/2014,to be processed,to be processed,158,325.6,12/12/2014,158-t,25.95,158,341.6,N/A,,158-t,,,,158,,,
GM,01-001,93,45G,,,,x,10/15/2014,1.6,10/23/2014,0.045,10/27/2014,10/29/2014,38,95.37,75,304.2,11/21/2014,38,97.2,75,168.33,N/A,11/27/2014,38,97.2,1,291.6,75,168.3333333333,1,505
GM,01-001,94,45G,,,,,,x,10/15/2014,0.025,10/28/2014,10/29/2014,37,79.3,87,244.9,12/16/2014,37,126.77,87,244.9,N/A,,37,126.7666666667,,,87,244.9,,
GM,02-001,95,45G,,,,,,2.345,10/23/2014,0.01,10/31/2014,10/31/2014,117,84.8,101,260.7,11/20/2014,117,118.2,101,196.53,N/A,11/27/2014,117,118.2,-0,-0,101,196.525,-0,-0
GM,02-001,96,45G,,,,,,3.125,10/23/2014,0.02,10/31/2014,10/31/2014,120,79.1,111,198.8,12/16/2014,123,151.2,102,213.9,N/A,,123,151.1666666667,,,102,213.9,,
GM,02-001,97,45G,,,,,,x,10/15/2014,0.045,10/30/2014,10/31/2014,123,94.2,102,331,12/17/2014,120,113.78,111,129.7,N/A,,120,113.775,,,111,129.7,,
GM,03-002,98,45G,,,,,,2.805,10/23/2014,0.04,10/31/2014,10/31/2014,39,36.44,78,125.5,11/12/2014,39,108.89,78,160.61,N/A,11/27/2014,39,108.8875,-0,-0,78,160.6142857143,-0,-0
GM,03-002,99,45G,,,,x,10/15/2014,x,Destroyed,0.045,10/31/2014,11/3/2014,136,57.24,135,173.2,12/17/2014,136,85,135,118.68,N/A,,136,85,,,135,118.68,,
GM,02-001,100,45G,,,,,,x,10/15/2014,0.115,10/28/2014,10/29/2014,39,36.44,75,125.5,11/12/2014,39,108.89,75,160.6,N/A,11/27/2014,39,108.89,-0,-0,75,160.61,3,1124.3
GM,02-001,101,45G,,,,,,x,10/16/2014,0.01,10/30/2014,10/31/2014,123,94.2,102,331,12/16/2014,123,151.17,102,213.9,N/A,,123,151.1666666667,,,102,213.9,,
GM,02-001,102,45G,,,,,,3.025,10/23/2014,0.04,10/31/2014,10/31/2014,39,36.44,78,125.5,11/12/2014,39,108.89,78,160.61,N/A,11/27/2014,39,108.8875,-0,-0,78,160.6142857143,-0,-0
GM,02-001,103,45G,,,,x,10/15/2014,2.655,10/23/2014,N/A,N/A,10/29/2014,38,95.37,75,304.2,11/21/2014,38,97.2,75,168.33,N/A,11/27/2014,38,97.2,-0,-0,75,168.3333333333,-0,-0
GM,02-001,104,45G,,,,x,10/15/2014,1.66,10/23/2014,0.005 + 0.015,2014-10-27 + 2014-10-31,10/29/2014,136,57.24,135,173.2,12/17/2014,136,85,135,118.68,N/A,,136,85,,,135,118.68,,
GM,01-001,105,45G,,,,x,10/15/2014,1.785,10/23/2014,0.015 + 0.020,10/27/2014,10/29/2014,39,36.44,78,125.5,11/12/2014,39,108.89,78,160.61,N/A,11/27/2014,39,108.8875,-0,-0,78,160.6142857143,-0,-0
GM,03-002,106,45G,,,,,,3.95,10/23/2014,0.04,10/31/2014,10/31/2014,39,36.44,78,125.5,11/12/2014,39,108.89,78,160.61,N/A,11/27/2014,39,108.8875,-0,-0,78,160.6142857143,-0,-0
GM,02-001,107,45G,,,,,,2.195,10/23/2014,0.025,10/31/2014,10/31/2014,120,79.1,111,198.8,12/17/2014,120,113.78,111,129.7,N/A,,120,113.775,,,111,,,
GM,02-001,108,45G,,,,,,2.93,10/23/2014,0.035,10/31/2014,10/31/2014,120,79.1,111,198.8,12/17/2014,120,113.78,111,129.7,N/A,,120,113.775,,,111,,,
GM,01-001,109,45G,,,,,,x,10/15/2014,0.03,10/28/2014,10/29/2014,37,79.3,87,244.9,12/16/2014,37,126.77,87,244.9,N/A,,37,126.7666666667,,,87,,,
GM,01-001,110,45G,,,,,,x,10/15/2014,0.015 + 0.070,2014-10-27 +2014-10-28,10/29/2014,37,79.3,87,244.9,12/16/2014,37,126.77,87,244.9,N/A,,37,126.7666666667,,,87,,,
GM,01-001,111,45G,,,,,,x,10/15/2014,N/A,N/A,10/29/2014,38,95.37,75,304.2,11/21/2014,38,97.2,75,168.33,N/A,11/27/2014,38,97.2,-0,-0,75,168.3333333333,-0,-0
GM,03-002,112,45G,,,,,,3.5,10/23/2014,0.035,10/31/2014,11/3/2014,136,57.24,135,173.2,12/17/2014,136,85,135,118.68,N/A,,136,85,,,135,,,
GM,03-002,113,45G,,,,,,2.12,10/23/2014,0.03,10/31/2014,11/3/2014,136,57.24,135,173.2,12/17/2014,136,85,135,118.68,N/A,,136,85,,,135,,,
GM,02-001,114,45G,,,,,,3.095,10/23/2014,0.04,10/31/2014,11/3/2014,137,62.4,134,227.8,11/10/2014,137,93.16,134,127.3,N/A,11/27/2014,137,93.16,1,465.8,134,127.26,2,636.3
GM,02-001,115,45G,,,,,,2.515,10/23/2014,0.03,10/31/2014,11/3/2014,137,62.4,134,227.8,11/10/2014,137,93.16,134,127.3,N/A,11/27/2014,137,93.16,-0,-0,134,127.26,-0,-0
GM,02-001,116,45G,,,,,,2.37,10/23/2014,0.025,10/31/2014,11/3/2014,137,62.4,134,227.8,11/10/2014,137,93.16,134,127.3,N/A,11/27/2014,137,93.16,-0,-0,134,127.26,-0,-0
GM,02-001,117,45G,,,,,,2.605,10/23/2014,0.03,10/31/2014,11/3/2014,137,62.4,134,227.8,11/10/2014,137,93.16,134,127.3,N/A,11/27/2014,137,93.16,-0,-0,134,127.26,-0,-0
GM,01-001,118,45G,,,,,,3.515,10/24/2014,0.03,10/31/2014,11/3/2014,137,62.4,134,227.8,11/10/2014,137,93.16,134,127.3,N/A,11/27/2014,137,93.16,-0,-0,134,127.26,-0,-0
GM,01-001,119,45G,,,,,,2.61,10/24/2014,0.03,10/31/2014,11/3/2014,136,57.24,135,173.2,12/17/2014,136,85,135,118.68,N/A,,136,85,,,135,,,
GM,1,120,45G,,,,,,x,10/12/2014,0.16,11/6/2014,11/7/2014,to be processed,to be processed,156,147.6,12/18/2014,156-t,17.05,156,42.98,N/A,,156-t,17.05,,,156,,,
GM,1,121,45G,,,,,,x,10/14/2014,0.105,11/6/2014,11/7/2014,to be processed,to be processed,156,147.6,12/18/2014,156-t,17.05,156,42.98,N/A,,156-t,17.05,,,156,,,
SL,01-001,122,60G,,,,,,x,10/13/2014,0.165,10/28/2014,10/29/2014,92,109.6,98,365.9,11/20/2014,98,164.3,92,254.53,N/A,11/27/2014,98,164.3,1,492.9,92,254.5333333333,2,763.6
SL,01-001,123,60G,,8.8,10/24/2014,x,10/13/2014,x,Destroyed,0.015,10/28/2014,10/29/2014,92,109.6,98,365.9,11/20/2014,98,164.3,92,254.53,10/24/2014,11/27/2014,98,164.3,-0,-0,92,254.5333333333,-0,-0
SL,01-001,124,60G,,8.8,10/24/2014,,,2.15,10/23/2014,0.015,10/30/2014,10/31/2014,122,126.07,104,407.7,12/12/2014,122,189.7,104,272.83,N/A,,122,,,,104,,,
SL,01-001,125,60G,,8.8,10/24/2014,,,x,Destroyed,N/A,N/A,Destroyed,X,X,X,X,X,X,X,X,X,X,X,X,X,X,X,X,X,X,X
SL,01-001,126,60G,,8.8,10/24/2014,,,x,Destroyed,N/A,N/A,Destroyed,X,X,X,X,X,X,X,X,X,X,X,X,X,X,X,X,X,X,X
SL,01-001,127,60G,,8.8,10/24/2014,,,x,Destroyed,N/A,N/A,Destroyed,X,X,X,X,X,X,X,X,X,X,X,X,X,X,X,X,X,X,X
SL,01-001,128,60G,,8.8,10/24/2014,,,x,Destroyed,N/A,N/A,Destroyed,X,X,x,X,X,x,X,X,X,X,X,x,X,X,X,X,X,X,X
SL,01-001,129,60G,,8.8,10/24/2014,,,x,Destroyed,N/A,N/A,Destroyed,X,X,X,X,X,X,X,X,X,X,X,X,X,X,X,X,X,X,X
SL,01-001,130,60G,,8.8,10/24/2014,,,x,Destroyed,N/A,N/A,Destroyed,X,X,X,X,X,X,X,X,X,X,X,X,X,X,X,X,X,X,X
SL,01-001,131,60G,,8.8,10/24/2014,,,x,Destroyed,N/A,N/A,Destroyed,X,X,X,X,X,X,X,X,X,X,X,X,X,X,X,X,X,X,X
SL,01-001,132,60G,,8.8,10/24/2014,,,x,Destroyed,N/A,N/A,Destroyed,X,X,X,X,X,X,X,X,X,X,X,X,X,X,X,X,X,X,X
SL,01-001,133,60G,,,,,,2.86,10/22/2014,0.035,10/30/2014,10/31/2014,118,60.8,110,237.6,11/14/2014,118,86.32,110,170,N/A,11/27/2014,118,86.32,1,431.6,110,170,2,850
SL,01-001,134,60G,,8.8,10/24/2014,,,x,Destroyed,N/A,N/A,Destroyed,X,X,X,X,X,X,X,X,X,X,X,X,X,X,X,X,X,X,X
SL,01-001,135,60G,,8.8,10/24/2014,,,x,Destroyed,N/A,N/A,Destroyed,X,X,X,X,X,X,X,X,X,X,X,X,X,X,X,X,X,X,X
SL,01-001,136,60G,,,,,,x,10/13/2014,0.105,10/28/2014,10/29/2014,98,109.6,92,254.5,11/20/2014,98,164.3,92,254.53,N/A,11/27/2014,98,164.3,-0,-0,92,254.5333333333,,
SL,01-001,137,60G,,8.8,10/24/2014,x,10/13/2014,x,Destroyed,0.03,10/29/2014,10/31/2014,130,92,113,357.2,11/17/2014,130,141.83,113,263.8,10/24/2014,11/27/2014,130,141.8333333333,1,425.5,113,263.7666666667,2,791.3
SL,1,138,45G,,2.95,10/22/2014,,,x,Destroyed,N/A,N/A,Destroyed,X,X,X,X,X,X,X,X,X,X,X,X,X,X,X,X,X,X,X
SL,1,139,45G,,3.475,10/22/2014,,,x,Destroyed,N/A,N/A,Destroyed,X,X,X,X,X,X,X,X,X,X,X,X,X,X,X,X,X,X,X
SL,1,140,45G,,2.015,10/22/2014,,,x,Destroyed,N/A,N/A,Destroyed,X,X,X,X,X,X,X,X,X,X,X,X,X,X,X,X,X,X,X
SL,1,141,45G,,,,,,x,10/17/2014,0.015,10/30/2014,10/31/2014,118,60.8,110,237.6,11/14/2014,118,86.32,110,170,N/A,11/27/2014,118,86.32,-0,-0,110,170,-0,-0
SL,1,142,45G,,,,,,2.95,10/22/2014,0.035,10/30/2014,10/31/2014,118,60.8,110,237.6,11/14/2014,118,86.32,110,170,N/A,11/27/2014,118,86.32,-0,-0,110,170,-0,-0
SL,1,143,45G,,2.95,10/22/2014,,,x,Destroyed,0.05,10/30/2014,10/31/2014,118,60.8,110,237.6,11/14/2014,118,86.32,110,170,N/A,11/27/2014,118,86.32,-0,-0,110,170,-0,-0
SL,1,144,45G,,3.16,10/22/2014,,,x,Destroyed,N/A,N/A,Destroyed,X,X,X,X,X,X,X,X,X,X,X,X,X,X,X,X,X,X,X
SL,1,145,45G,,,,,,x,10/11/2014,0.155,11/6/2014,11/7/2014,to be processed,to be processed,154,363.8,12/10/2014,154-t,48.55,154,125.6,N/A,12/10/2014,154-t,48.55,1,97.1,154,125.6,1,251.2
SL,1,146,45G,,,,,,x,10/14/2014,0.16,11/6/2014,11/7/2014,to be processed,to be processed,159,318.1,12/11/2014,159-t,57.7,159,333.75,N/A,,159-t,,,,159,,,
SL,1,147,45G,,3.54,10/22/2014,,,x,Destroyed,N/A,N/A,Destroyed,X,X,X,X,X,X,X,X,X,X,X,X,X,X,X,X,X,X,X
SL,1,148,45G,,,,,,x,10/11/2014,0.155,11/6/2014,11/7/2014,to be processed,to be processed,160,383.2,12/16/2014,160-t,62.5,160,159.75,N/A,,160-t,,,,160,,,
SL,1,149,45G,,,,,,x,10/11/2014,0.225,11/6/2014,11/7/2014,to be processed,to be processed,153,541.8,12/10/2014,153-t,78.7,153,207.45,N/A,12/10/2014,153-t,78.7,1,157.4,153,207.45,1,414.9
SL,1,150,45G,,,,,,x,10/12/2014,0.2,11/6/2014,11/7/2014,to be processed,to be processed,159,318.1,12/11/2014,159-t,57.7,159,333.75,N/A,,159-t,,,,159,,,
SL,1,151,45G,,,,,,x,10/11/2014,0.185,11/6/2014,11/7/2014,to be processed,to be processed,146,461.9,12/9/2014,146-t,50.3,146,165.45,N/A,12/9/2014,146-t,50.3,1,100.6,146,165.45,1,330.9
SL,1,152,45G,,,,,,x,10/11/2014,0.215,11/6/2014,11/7/2014,to be processed,to be processed,145,576.5,12/15/2014,145-t,85.5,145,202.3,N/A,,145-t,,,,145,,,
SL,1,153,45G,,,,,,x,10/11/2014,0.24,11/6/2014,11/7/2014,to be processed,to be processed,153,541.8,12/10/2014,153-t,78.7,153,207.45,N/A,12/10/2014,153-t,78.7,-0,-0,153,207.45,-0,-0
SL,1,154,45G,,,,,,x,10/11/2014,0.12,11/6/2014,11/7/2014,to be processed,to be processed,160,383.2,12/16/2014,160-t,62.5,160,159.75,N/A,,160-t,62.5,,,160,159.75,,
SL,1,155,45G,,,,,,x,10/11/2014,0.205,11/6/2014,11/7/2014,to be processed,to be processed,154,363.8,12/10/2014,154-t,48.55,154,125.6,N/A,12/10/2014,154-t,48.55,-0,-0,154,125.6,-0,-0
SL,1,156,45G,,,,,,x,10/11/2014,0.188,11/6/2014,11/7/2014,to be processed,to be processed,146,461.9,12/9/2014,146-t,50.3,146,165.45,N/A,,146-t,50.3,,,146,165.45,,
SL,1,157,45G,,,,,,x,10/11/2014,0.25,11/6/2014,11/7/2014,to be processed,to be processed,151,368.9,12/15/2014,151-t,39,151,161.7,N/A,,151-t,,,,151,,,
SL,1,158,45G,,,,,,x,10/11/2014,0.255,11/6/2014,11/7/2014,to be processed,to be processed,151,368.9,12/15/2014,151-t,39,151,161.7,N/A,,151-t,,,,151,,,
SL,01-002,159,45G,,,,,,3.815,10/17/2014,0.02,10/30/2014,10/31/2014,125,43.45,109,408.07,11/14/2014,125,62.5,109,289,N/A,11/27/2014,125,62.5,1,500,109,288.9666666667,2,866.9
SL,01-002,160,45G,,,,,,4.5,10/17/2014,0.025,10/30/2014,10/31/2014,127,407.73,107,314.1,11/21/2014,127,138.77,107,211.7,N/A,11/27/2014,127,138.7666666667,1,416.3,107,211.6666666667,-0,-0
SL,01-002,161,45G,,,,,,4.47,10/17/2014,0.025,10/30/2014,10/31/2014,130,92.03,113,357.17,11/17/2014,130,141.83,113,263.8,N/A,11/27/2014,130,141.8333333333,1,425.5,113,263.7666666667,-0,-0
SL,01-002,162,45G,,,,x,10/15/2014,2.74,10/17/2014,0.11,10/30/2014,10/31/2014,125,43.45,109,408.07,11/14/2014,125,62.5,109,289,N/A,11/27/2014,125,62.5,-0,-0,109,288.9666666667,-0,-0
SL,01-002,163,45G,,,,x,10/15/2014,2.36,10/17/2014,0.05,10/30/2014,10/31/2014,130,92.03,113,357.17,11/17/2014,130,141.83,113,263.8,N/A,11/27/2014,130,141.8333333333,-0,-0,113,263.7666666667,-0,-0
SL,01-002,164,45G,,,,,,4.185,10/21/2014,0.05,10/30/2014,10/31/2014,122,126.07,104,407.73,12/12/2014,122,189.7,104,272.83,N/A,,122,,,,104,,,
SL,01-002,165,45G,,,,,,4.44,10/21/2014,0.02,10/30/2014,10/31/2014,118,60.81,110,237.64,11/14/2014,118,86.32,110,170,N/A,11/27/2014,118,86.32,-0,-0,110,170,-0,-0
SL,01-002,166,45G,,,,x,10/15/2014,5.135,10/22/2014,0.105,10/30/2014,10/31/2014,127,84.83,107,314.1,11/21/2014,127,138.77,107,211.7,N/A,11/27/2014,127,138.7666666667,1,416.3,107,211.6666666667,2,635
SL,01-002,167,45G,,x,10/17/2014,x,10/15/2014,x,Destroyed,0.035,10/30/2014,10/31/2014,127,84.83,107,314.1,11/21/2014,127,138.77,107,211.7,10/17/2014,11/27/2014,127,138.7666666667,-0,-0,107,211.6666666667,-0,-0
SL,01-002,168,45G,,,,x,10/15/2014,5.82,10/21/2014,0.09,10/30/2014,10/31/2014,122,126.07,104,407.73,12/12/2014,122,189.7,104,272.8,N/A,,122,,,,104,,,
SL,01-002,169,45G,,,,,,6.45,10/21/2014,0.075,10/30/2014,10/31/2014,125,43.45,109,408.07,11/14/2014,125,62.5,109,289,N/A,11/27/2014,125,62.5,-0,-0,109,288.9666666667,-0,-0
SL,1,170,45G,,x,10/17/2014,,,x,Destroyed,N/A,N/A,Destroyed,X,X,X,X,X,X,X,X,X,X,X,X,X,X,X,X,X,X,X
SL,1,171,45G,,,,,,x,10/11/2014,0.175,11/6/2014,11/7/2014,to be processed,to be processed,150,439.5,12/15/2014,150-t,66.3,150,157,N/A,,150-t,,,,150,,,
MK,2,172,45G,,,,,,x,10/13/2014,0.11,10/29/2014,10/29/2014,94,97.4,95,172,12/11/2014,94,98.4,95,104.3,N/A,,94,,,,95,,,
PM,1271-001,173,60G,,,,,,x,10/13/2014,0.17,10/29/2014,10/29/2014,97,170.93,91,451,11/17/2014,97,251.9,91,290.8,N/A,11/27/2014,97,251.9,2,755.7,91,290.8333333333,2,872.5
PM,1271-001,174,60G,,,,,,x,10/13/2014,0.065,10/29/2014,10/31/2014,128,120,114,220.4,11/13/2014,128,154.57,114,146.8,N/A,11/27/2014,128,154.5666666667,1,463.7,114,146.7666666667,1,440.3
PM,1271-001,175,60G,,,,,,x,10/13/2014,0.285,10/29/2014,10/31/2014,126,291.55,108,666.8,11/20/2014,126,385.55,108,446.15,N/A,11/27/2014,126,385.55,2,771.1,108,446.15,2,892.3
PM,1271-001,176,60G,,,,,,x,10/12/2014,0.385,10/29/2014,10/31/2014,129,200.5,112,361.1,12/5/2014,129,391.57,112,196.8,N/A,12/5/2014,129,391.5666666667,-0,1174.7,112,196.8,2,590.4
PM,1271-001,177,60G,,,,,,x,10/12/2014,0.075,10/23/2014,10/29/2014,4,174.1,65,679.4,11/11/2014,4,268.03,65,395.5,N/A,11/27/2014,4,268.0333333333,2,804.1,65,395.5,2,791
PM,1271-001,178,60G,,,,,,x,10/12/2014,0.24,10/23/2014,10/29/2014,4,174.1,65,679.4,11/11/2014,4,268.03,65,395.5,N/A,11/27/2014,4,268.0333333333,-0,-0,65,395.5,-0,-0
PM,1271-001,179,60G,,,,,,x,10/12/2014,0.055,10/23/2014,10/29/2014,7,169.65,61,563.6,11/13/2014,7,319.5,61,315.7,N/A,11/27/2014,7,319.5,2,639,61,315.7,2,631.4
PM,1271-001,180,60G,,x,10/13/2014,,,x,Destroyed,N/A,N/A,Destroyed,X,X,X,X,X,X,X,X,X,X,X,X,X,X,X,X,X,X,X
PM,1271-001,181,60G,,,,,,x,10/12/2014,0.18,10/29/2014,10/31/2014,128,120,114,220.4,11/13/2014,128,154.57,114,146.8,N/A,11/27/2014,128,154.5666666667,-0,-0,114,146.7666666667,-0,-0
PM,1271-001,182,60G,,,,,,x,10/12/2014,0.195,10/29/2014,10/29/2014,96,365.7,89,698.4,11/11/2014,96,466,89,487.9,N/A,11/27/2014,96,466,-0,-0,89,487.9,2,975.8
PM,1271-001,183,60G,,,,,,x,10/13/2014,0.21,10/29/2014,10/31/2014,129,200.5,112,361.1,12/5/2014,129,391.57,112,196.8,N/A,12/5/2014,129,391.5666666667,3,1174.7,112,196.8,-0,-0
PM,1271-001,184,60G,,,,,,x,10/13/2014,0.235 + 0.085,2014-10-24 + 2014-10-29,10/29/2014,129,200.5,112,361.1,11/10/2014,129,391.57,71,463.5,N/A,11/27/2014,129,391.5666666667,-0,-0,71,463.5,1,463.5
PM,1271-001,185,60G,,,,,,x,10/13/2014,0.32,10/29/2014,10/29/2014,93,242.55,90,576.5,11/24/2014,93,392.2,90,297.25,N/A,11/27/2014,93,392.2,2,784.4,90,297.25,2,594.5
PM,1271-001,186,60G,,,,,,x,10/13/2014,0.14,10/29/2014,10/29/2014,97,170.93,91,451,11/17/2014,97,251.9,91,290.8,N/A,11/27/2014,97,251.9,2,755.7,91,290.8333333333,-0,-0
PM,1271-001,187,60G,,,,,,x,10/13/2014,0.405,10/29/2014,10/29/2014,96,365.7,89,698.4,11/11/2014,96,466,89,487.9,N/A,11/27/2014,96,466,2,932,89,487.9,-0,-0
PM,1271-001,188,60G,,,,,,x,10/13/2014,0.36,10/29/2014,10/31/2014,126,291.55,108,666.8,11/20/2014,126,385.55,108,446.15,N/A,11/27/2014,126,385.55,-0,-0,108,446.15,2,892.3
PM,1271-001,189,60G,,,,,,x,10/12/2014,0.16,10/23/2014,10/29/2014,7,169.65,61,563.6,11/13/2014,7,319.5,61,315.7,N/A,11/27/2014,7,319.5,-0,-0,61,315.7,-0,-0
PM,1271-001,190,60G,,,,,,x,10/12/2014,0.135,10/23/2014,10/29/2014,4,174.1,65,679.4,11/11/2014,4,268.03,65,395.5,N/A,11/27/2014,4,268.0333333333,-0,-0,65,395.5,-0,-0
PM,1271-001,191,60G,,,,,,x,10/12/2014,0.075,10/22/2014,10/29/2014,5,140.63,63,427.4,11/7/2014,5,222.1,63,69.3,N/A,11/27/2014,5,222.1,2,666.3,63,69.3333333333,1,208
PM,1271-001,192,60G,,,,,,x,10/12/2014,0.12,10/22/2014,10/29/2014,6,131.17,66,554.9,11/26/2014,6,242.53,66,333.3,N/A,11/27/2014,6,242.53,2,727.6,66,333.3333333333,-0,-0
PM,1271-001,193,60G,,,,,,x,10/12/2014,0.031,10/22/2014,10/29/2014,6,131.17,66,554.9,11/26/2014,6,242.53,66,333.3,N/A,11/27/2014,6,242.5333333333,-0,-0,66,333.3333333333,-0,-0
PM,1271-001,194,60G,,,,,,x,10/12/2014,0.11,10/22/2014,10/29/2014,6,131.17,66,554.9,11/26/2014,6,242.53,66,333.3,N/A,11/27/2014,6,242.53,-0,-0,66,333.3333333333,-0,-0
PM,1271-001,195,60G,,,,,,x,10/12/2014,0.1,10/23/2014,10/29/2014,5,140.63,63,427.4,11/7/2014,6,242.53,63,69.3,N/A,11/27/2014,6,242.5333333333,-0,-0,63,69.3333333333,-0,-0
PM,1271-001,196,60G,,,,,,x,10/12/2014,0.165,10/23/2014,10/29/2014,5,140.63,63,427.4,11/7/2014,5,222.1,63,69.3,N/A,11/27/2014,5,222.1,-0,-0,63,69.3333333333,-0,-0
PM,1271-001,197,60G,,,,,,x,10/12/2014,0.145,10/29/2014,10/31/2014,128,120,114,220.4,11/13/2014,128,222.1,114,146.8,N/A,11/27/2014,128,222.1,-0,-0,114,146.7666666667,-0,-0
PM,1271-001,198,65G,,,,,,x,10/13/2014,0.215,10/29/2014,10/29/2014,97,170.93,91,451,11/17/2014,97,251.9,91,290.8,N/A,11/27/2014,97,251.9,-0,-0,91,290.8333333333,-0,-0
PM,1271-001,199,65G,,,,,,x,10/13/2014,0.2,10/29/2014,10/29/2014,93,242.55,90,576.5,11/24/2014,93,392.2,90,297.25,N/A,11/27/2014,93,392.2,-0,-0,90,297.25,-0,-0
PM,1271-002,200,45G,,,,,,x,10/10/2014,0.27,11/6/2014,11/7/2014,169,62.51,168,234.3,12/5/2014,169,94.3,168,104.2,N/A,11/27/2014,169,94.3,4,1980.3,168,104.2,2,521
PM,1271-002,201,45G,,,,,,x,10/10/2014,0.175,11/5/2014,11/5/2014,169,62.51,140,164.5,12/8/2014,169,94.3,140,108,N/A,11/27/2014,169,94.3,-0,-0,140,108.0125,2,864.1
PM,1271-002,202,45G,,,,,,x,10/10/2014,0.125,11/5/2014,11/7/2014,169,62.51,168,234.3,12/5/2014,169,94.3,168,104.2,N/A,12/5/2014,169,94.3,-0,-0,168,104.2,-0,-0
PM,1271-002,203,45G,,,,,,x,10/10/2014,0.16,11/5/2014,11/7/2014,to be processed,to be processed,177,164.5,12/8/2014,177-t,46.9,177,78.3,N/A,12/8/2014,177-t,46.9,1,234.5,177,78.26,1,391.3
PM,1271-002,204,45G,,,,,,x,10/10/2014,0.115,11/5/2014,11/5/2014,169,62.5,140,164.5,12/8/2014,169,94.3,140,108,N/A,11/27/2014,169,94.3,-0,-0,140,108.0125,-0,-0
PM,1271-002,205,45G,,,,,,x,10/10/2014,0.16,11/5/2014,11/5/2014,169,62.5,140,164.5,12/8/2014,169,94.3,140,108,N/A,11/27/2014,169,94.3,-0,-0,140,108.0125,-0,-0
PM,1271-002,206,45G,,,,,,x,10/10/2014,N/A,N/A,11/5/2014,to be processed,to be processed,165,225,11/12/2014,179,96,165,149.4,N/A,11/27/2014,179,96.0285714286,2,831.3,165,149.35,2,542.5
PM,1271-002,207,45G,,,,,,x,10/10/2014,0.215,11/5/2014,11/5/2014,169,62.51,140,164.5,12/8/2014,169,94.3,140,108,N/A,11/27/2014,169,94.3,-0,-0,140,108.0125,-0,-0
PM,1271-002,208,45G,,,,,,x,10/10/2014,0.105,11/5/2014,11/5/2014,169,62.51,140,164.5,12/8/2014,169,94.3,140,108,N/A,11/27/2014,169,94.3,-0,-0,140,108.0125,-0,-0
PM,1271-002,209,45G,,,,,,x,10/10/2014,0.185,11/5/2014,11/5/2014,169,62.51,140,164.5,12/8/2014,169,94.3,140,108,N/A,11/27/2014,169,94.3,-0,-0,140,108.0125,-0,-0
PM,1271-002,210,45G,,,,,,x,10/10/2014,0.17,11/6/2014,11/7/2014,169,62.51,166,128.7,12/12/2014,169,94.3,166,82.9,N/A,,169,,,,166,,,
PM,1271-002,211,45G,,,,,,x,10/10/2014,0.155,11/5/2014,11/5/2014,169,62.51,140,164.5,12/8/2014,169,94.3,140,108,N/A,11/27/2014,169,94.3,-0,-0,140,108.0125,-0,-0
PM,1271-002,212,45G,,,,,,x,10/10/2014,0.175,11/5/2014,11/7/2014,169,62.51,166,128.7,12/12/2014,169,94.3,166,82.9,N/A,,169,,,,166,,,
PM,1271-002,213,45G,,,,,,x,10/10/2014,0.085,11/5/2014,11/7/2014,169,62.51,166,128.7,12/12/2014,169,94.3,166,82.9,N/A,,169,,,,166,,,
PM,1271-002,214,45G,,,,,,x,10/10/2014,0.13,11/5/2014,11/7/2014,169,62.51,166,128.7,12/12/2014,169,94.3,166,82.9,N/A,,169,,,,166,,,
PM,1271-002,215,45G,,,,,,x,10/10/2014,0.045,11/6/2014,10/29/2014,to be processed,to be processed,165,225,11/12/2014,179,96.03,165,149.4,N/A,11/27/2014,179,96.0285714286,-0,-0,165,149.35,-0,-0
PM,1271-002,216,45G,,,,,,x,10/10/2014,0.1,11/5/2014,10/29/2014,to be processed,to be processed,165,225,11/12/2014,179,96.03,165,149.4,N/A,11/27/2014,179,96.0285714286,-0,-0,165,149.35,-0,-0
PM,1271-002,217,45G,,,,,,x,10/10/2014,0.12,11/6/2014,11/7/2014,169,62.51,168,234.3,12/5/2014,169,94.3,168,104.2,N/A,12/5/2014,169,94.3,-0,-0,168,104.2,-0,-0
PM,1271-002,218,45G,,,,,,x,10/10/2014,0.155,11/5/2014,11/7/2014,to be processed,to be processed,177,196.5,12/8/2014,177-t,46.9,166 177,78.26,N/A,12/8/2014,177-t,46.9,-0,-0,166 177,78.26,-0,-0
PM,1271-002,219,45G,,,,,,x,10/10/2014,0.08,11/5/2014,11/7/2014,169,62.51,166 177,325.2,12/8/2014,177-t,46.9,166 177,78.26,N/A,12/8/2014,177-t,46.9,-0,-0,166 177,78.26,-0,-0
PM,1271-002,220,45G,,,,,,x,10/10/2014,N/A,N/A,11/7/2014,169,62.51,166,128.7,12/12/2014,169,94.3,166,82.9,N/A,,169,,,,166,,,
PM,1271-002,221,45G,,,,,,x,10/10/2014,N/A,N/A,11/7/2014,169,62.51,168,234.3,12/5/2014,169,94.3,168,104.2,N/A,12/5/2014,169,94.3,-0,-0,168,104.2,-0,-0
PM,1271-002,222,45G,,,,,,x,10/10/2014,0.165,11/5/2014,11/5/2014,169,62.51,168,234.3,12/5/2014,169,94.3,168,104.2,N/A,12/5/2014,169,94.3,-0,-0,168,104.2,-0,-0
PM,1271-002,223,45G,,,,,,x,10/10/2014,0.13,11/5/2014,11/7/2014,169,62.51,140,164.5,12/8/2014,169,94.3,140,108,N/A,11/27/2014,169,94.3,-0,-0,140,108.0125,-0,-0
PM,1271-002,224,45G,,,,,,x,10/10/2014,0.1,11/5/2014,11/7/2014,169,62.51,166,128.7,12/12/2014,169,94.3,166,82.9,N/A,,169,,,,166,,,
PM,1271-002,225,45G,,,,,,x,10/10/2014,0.11,11/5/2014,11/7/2014,to be processed,to be processed,177,196.5,12/8/2014,177-t,46.9,177,78.26,N/A,12/8/2014,177-t,46.9,-0,-0,177,78.26,-0,-0
PM,1271-002,226,45G,,,,,,x,10/10/2014,0.14,11/5/2014,11/7/2014,to be processed,to be processed,165,225,11/12/2014,179,96.03,165,149.4,N/A,,179,,,,165,,,
PM,1271-002,227,45G,,,,,,x,10/10/2014,0.25,11/5/2014,11/7/2014,to be processed,to be processed,165,225,11/12/2014,179,96.03,165,149.4,N/A,,179,,,,165,,,
PM,1271-002,228,45G,,,,,,x,10/10/2014,N/A,N/A,11/7/2014,169,62.51,166,128.7,12/12/2014,169,94.3,166,82.86,N/A,,169,,,,166,,,
PM,1271-002,229,45G,,,,,,x,10/10/2014,0.105,11/5/2014,11/7/2014,to be processed,to be processed,177,196.5,12/8/2014,177-t,46.9,177,78.26,N/A,12/8/2014,177-t,46.9,-0,-0,177,78.26,-0,-0
PM,1271-002,230,45G,,,,,,x,10/10/2014,0.15,11/6/2014,11/7/2014,to be processed,to be processed,177,196.5,12/8/2014,177-t,46.9,177,78.26,N/A,12/8/2014,177-t,46.9,-0,-0,177,78.26,-0,-0
KS,1304-001,231,60G,,,,,,x,10/11/2014,0.255,10/20/2014,10/29/2014,17,225.8,84,540.8,12/8/2014,17,341.45,84,320.65,N/A,12/8/2014,17,341.45,2,682.9,84,320.65,2,641.3
KS,1304-001,232,60G,,,,,,x,10/11/2014,0.235,10/20/2014,10/29/2014,17,225.8,84,540.8,12/8/2014,17,341.45,84,320.65,N/A,12/8/2014,17,341.45,-0,-0,84,320.65,-0,-0
KS,1304-001,233,60G,,,,,,x,10/11/2014,0.13,10/20/2014,10/29/2014,15,174.3,81,493.6,12/2/2014,15,172.3,81,270.9,N/A,12/2/2014,15,172.3,1,344.6,81,270.9,2,541.8
KS,1304-001,234,60G,,,,,,x,10/11/2014,0.335,10/20/2014,10/29/2014,15,174.3,81,493.6,12/2/2014,15,172.3,81,270.9,N/A,12/2/2014,15,172.3,-0,-0,81,270.9,-0,-0
KS,1304-001,235,60G,,,,,,x,10/11/2014,0.095,10/20/2014,10/29/2014,19,160.27,83,484.9,12/2/2014,19,158.1,83,282.9,N/A,12/2/2014,19,158.0666666667,1,474.2,83,282.8666666667,-0,-0
KS,1304-001,236,60G,,,,,,x,10/11/2014,0.195,10/20/2014,10/29/2014,19,160.27,83,484.9,12/2/2014,19,158.1,83,282.9,N/A,12/2/2014,19,158.0666666667,-0,-0,83,282.8666666667,-0,-0
KS,1304-001,237,60G,,,,,,x,10/11/2014,0.115,10/20/2014,10/29/2014,19,160.27,83,484.9,12/2/2014,19,158.1,83,282.9,N/A,12/2/2014,19,158.0666666667,-0,-0,83,282.8666666667,-0,-0
KS,1304-001,238,60G,,,,,,x,10/12/2014,0.2,10/22/2014,10/29/2014,11,308.6,67,887.4,11/18/2014,11,495.4,67,505,N/A,11/27/2014,11,495.4,1,495.4,67,505,1,505
KS,1304-001,239,60G,,,,,,x,10/12/2014,0.22,10/20/2014,10/29/2014,9,129.1,57,538.3,12/3/2014,9,241.25,57,301.5,N/A,12/3/2014,9,241.25,1,482.5,57,301.5,2,603
KS,1304-001,240,60G,,,,,,x,10/12/2014,0.095,10/22/2014,10/29/2014,9,129.1,57,538.3,12/3/2014,9,241.25,57,301.5,N/A,12/3/2014,9,241.25,-0,-0,57,301.5,-0,-0
KS,1304-001,241,60G,,x,10/12/2014,,,x,Destroyed,N/A,N/A,Destroyed,X,X,X,X,X,X,X,X,X,X,X,X,X,X,X,X,X,X,X
KS,1304-001,242,60G,,,,,,x,10/12/2014,0.05,10/22/2014,10/29/2014,10,87.17,58,344.2,11/21/2014,10,211.8,58,208.33,N/A,11/27/2014,10,211.8,2,635.4,58,208.3333333333,2,625
KS,1304-001,243,60G,,,,,,x,10/12/2014,0.05,10/22/2014,10/29/2014,10,87.17,58,344.2,11/21/2014,10,211.8,58,208.33,N/A,11/27/2014,10,211.8,-0,-0,58,208.3333333333,-0,-0
KS,1304-001,244,60G,,,,,,x,10/11/2014,0.270+0.1175,2014-10-20+ 2014-10-27,10/29/2014,12,347.25,no stem stage,no stem stage,10/29/2014,12,346.05,31,399.75,N/A,11/27/2014,12,346.05,2,692.1,31,399.75,2,799.5
KS,1304-001,245,60G,,,,,,x,10/11/2014,0.355 + 0.1175,2014-10-20 + 2014-10-27,10/29/2014,12,347.25,no stem stage,no stem stage,10/29/2014,12,346.05,31,399.75,N/A,11/27/2014,12,346.05,-0,-0,31,399.75,-0,-0
KS,1304-001,246,60G,,,,,,x,10/11/2014,0.53,10/20/2014,10/29/2014,13,292.6,82,274,12/9/2014,13,,82,157.5,N/A,12/9/2014,13,224.7,-0,-0,82,157.5,2,630
KS,1304-001,247,60G,,,,,,x,10/11/2014,0.235,10/20/2014,10/29/2014,13,292.6,82,274,12/9/2014,13,,82,157.5,N/A,12/9/2014,13,224.7,-0,-0,82,157.5,-0,-0
KS,1304-001,248,60G,,,,,,x,10/11/2014,0.24,10/20/2014,10/29/2014,16,225,82,274,12/9/2014,16,224.7,82,157.5,N/A,12/9/2014,16,224.7,1,449.4,82,157.5,-0,-0
KS,1304-001,249,60G,,,,,,x,10/11/2014,0.265,10/20/2014,10/29/2014,16,225,82,274,12/9/2014,16,224.7,82,157.5,N/A,12/9/2014,16,224.7,-0,-0,82,157.5,-0,-0
KS,1304-001,250,60G,,,,,,x,10/11/2014,0.215,10/20/2014,10/29/2014,18,282.6,no stem stage,no stem stage,10/29/2014,18,282.6,32,493.4,N/A,11/27/2014,18,282.6,1,282.6,32,493.4,1,493.4
KS,1304-001,251,60G,,,,,,x,10/12/2014,0.09,10/22/2014,10/29/2014,10,87.17,58,344.2,11/21/2014,10,211.8,58,208.33,N/A,11/27/2014,10,211.8,-0,-0,58,208.3333333333,-0,-0
KS,1304-001,252,60G,,,,,,x,10/12/2014,0.07,10/22/2014,10/29/2014,14,118.93,73,323,11/14/2014,14,193.43,73,198.5,N/A,11/27/2014,14,193.4333333333,2,580.3,73,198.5333333333,2,595.6
KS,1304-001,253,60G,,,,,,x,10/12/2014,0.105,10/22/2014,10/29/2014,8,124.33,62,436.6,12/3/2014,8,188.47,62,268.2,N/A,12/3/2014,8,188.4666666667,2,565.4,62,268.2,2,804.6
KS,1304-001,254,60G,,,,,,x,10/12/2014,0.28,10/21/2014,10/29/2014,14,118.93,73,323,11/14/2014,14,193.43,73,198.5,N/A,11/27/2014,14,193.4333333333,-0,-0,73,198.5333333333,-0,-0
KS,1304-001,255,60G,,,,,,x,10/12/2014,0.115,10/22/2014,10/29/2014,8,124.33,62,436.6,12/3/2014,8,188.47,62,268.2,N/A,12/3/2014,8,188.4666666667,-0,-0,62,268.2,-0,-0
KS,1304-001,256,60G,,,,,,x,10/12/2014,0.12,10/22/2014,10/29/2014,8,124.33,62,436.6,12/3/2014,8,188.47,62,268.2,N/A,12/3/2014,8,188.4666666667,-0,-0,62,268.2,-0,-0
KS,1304-001,257,60G,,,,,,x,10/11/2014,0.145,10/20/2014,10/29/2014,14,118.93,73,323,11/14/2014,14,193.43,73,198.5,N/A,11/27/2014,14,193.4333333333,-0,-0,73,198.5333333333,-0,-0
PG,1304-001,258,45G,,,,,,x,10/10/2014,N/A,N/A,11/5/2014,144,74,139,162.3,11/18/2014,144,99.09,139,94.7,N/A,11/27/2014,144,99.0933333333,10,4459.2,139,94.6714285714,2,662.7
PG,1304-001,259,45G,,,,,,x,10/10/2014,N/A,N/A,11/5/2014,144,74,141,112.95,11/19/2014,144,99.09,141,62.9,N/A,11/27/2014,144,99.0933333333,-0,-0,141,62.9166666667,2,755
PG,1304-001,260,45G,,,,,,x,10/10/2014,N/A,N/A,11/7/2014,144,74,139,162.3,11/18/2014,144,99.09,139,94.7,N/A,11/27/2014,144,99.0933333333,-0,-0,139,94.6714285714,-0,-0
PG,1304-001,261,45G,,,,,,x,10/10/2014,0.1,11/5/2014,11/5/2014,144,74,141,112.95,11/19/2014,144,99.09,141,62.9,N/A,11/27/2014,144,99.0933333333,-0,-0,141,62.9166666667,-0,-0
PG,1304-001,262,45G,,,,,,x,10/10/2014,N/A,N/A,11/5/2014,144,74,139,162.3,11/18/2014,144,99.09,139,94.67,N/A,11/27/2014,144,99.0933333333,-0,-0,139,94.6714285714,-0,-0
PG,1304-001,263,45G,,,,,,x,10/10/2014,N/A,N/A,11/5/2014,144,74,142,120.9,12/2/2014,144,99.09,142,62.69,N/A,12/2/2014,144,99.0933333333,-0,-0,142,62.6857142857,1,438.8
PG,1304-001,264,45G,,,,,,x,10/10/2014,N/A,N/A,11/5/2014,144,74,143,124.2,11/28/2014,144,99.09,143,73.02,N/A,11/27/2014,144,99.0933333333,-0,-0,143,73.0222222222,2,657.2
PG,1304-001,265,45G,,,,,,x,10/10/2014,N/A,N/A,11/3/2014,144,74,133,147,12/1/2014,144,99.09,133,87.99,N/A,12/1/2014,144,99.0933333333,-0,-0,133,87.9857142857,2,615.9
PG,1304-001,266,45G,,x,10/1/2014,,,x,Destroyed,N/A,N/A,Destroyed,X,X,X,X,X,X,X,X,X,X,X,X,X,X,X,X,X,X,X
PG,1304-001,267,45G,,x,10/1/2014,,,x,Destroyed,N/A,N/A,Destroyed,X,X,X,X,X,X,X,X,X,X,X,X,X,X,X,X,X,X,X
PG,1304-001,268,45G,,x,10/1/2014,,,x,Destroyed,N/A,N/A,Destroyed,X,X,X,X,X,X,X,X,X,X,X,X,X,X,X,X,X,X,X
PG,1304-001,269,45G,,x,10/1/2014,,,x,Destroyed,N/A,N/A,Destroyed,X,X,X,X,X,X,X,X,X,X,X,X,X,X,X,X,X,X,X
PG,1304-001,270,45G,,x,10/1/2014,,,x,Destroyed,N/A,N/A,Destroyed,X,X,X,X,X,X,X,X,X,X,X,X,X,X,X,X,X,X,X
PG,1304-001,271,45G,,,,,,x,10/10/2014,N/A,N/A,11/5/2014,144,74,139,162.3,11/18/2014,144,99.09,139,94.67,N/A,11/27/2014,144,99.0933333333,-0,-0,139,94.6714285714,-0,-0
PG,1304-001,272,45G,,,,,,x,10/10/2014,N/A,N/A,11/5/2014,144,74,139,162.3,11/18/2014,144,99.09,139,94.67,N/A,11/27/2014,144,99.0933333333,-0,-0,139,94.6714285714,-0,-0
PG,1304-001,273,45G,,,,,,x,10/10/2014,N/A,N/A,11/5/2014,144,74,141,112.95,11/19/2014,144,99.09,141,62.9,N/A,11/27/2014,144,99.0933333333,-0,-0,141,62.9166666667,-0,-0
PG,1304-001,274,45G,,,,,,x,10/10/2014,N/A,N/A,11/5/2014,144,74,143,124.2,11/28/2014,144,99.09,143,73,N/A,11/28/2014,144,99.0933333333,-0,-0,143,73.0222222222,-0,-0
PG,1304-001,275,45G,,,,,,x,10/10/2014,N/A,N/A,11/5/2014,144,74,143,124.2,11/28/2014,144,99.09,143,73,N/A,11/28/2014,144,99.0933333333,-0,-0,143,73.0222222222,-0,-0
PG,1304-001,276,45G,,,,,,x,10/10/2014,N/A,N/A,11/5/2014,144,74,141,112.95,11/19/2014,144,99.09,141,62.9,N/A,11/27/2014,144,99.0933333333,-0,-0,141,62.9166666667,-0,-0
PG,1304-001,277,45G,,,,,,x,10/10/2014,N/A,N/A,11/5/2014,144,74,139,162.3,11/18/2014,144,99.09,139,94.7,N/A,11/27/2014,144,99.0933333333,-0,-0,139,94.6714285714,-0,-0
PG,1304-001,278,45G,,,,,,x,10/10/2014,N/A,N/A,11/5/2014,144,74,143,124.2,11/28/2014,144,99.09,143,73,N/A,11/28/2014,144,99.0933333333,-0,-0,143,73.0222222222,-0,-0
PG,1304-001,279,45G,,,,,,x,10/10/2014,N/A,N/A,11/5/2014,144,74,139,162.3,11/18/2014,144,99.09,139,94.7,N/A,11/27/2014,144,99.0933333333,-0,-0,139,94.6714285714,-0,-0
PG,1304-001,280,45G,,,,,,x,10/10/2014,N/A,N/A,11/5/2014,144,74,139,162.3,11/18/2014,144,99.09,139,94.7,N/A,11/27/2014,144,99.0933333333,-0,-0,139,94.6714285714,-0,-0
PG,1304-001,281,45G,,,,,,x,10/10/2014,N/A,N/A,11/5/2014,144,74,139,162.3,11/18/2014,144,99.09,139,94.7,N/A,11/27/2014,144,99.0933333333,-0,-0,139,94.6714285714,-0,-0
PG,1304-001,282,45G,,,,,,x,10/10/2014,N/A,N/A,11/5/2014,144,74,141,112.95,11/19/2014,144,99.09,141,62.9,N/A,11/27/2014,144,99.0933333333,-0,-0,141,62.9166666667,-0,-0
PG,1304-001,283,45G,,,,,,x,10/10/2014,0.16,11/5/2014,11/5/2014,144,74,141,112.95,11/19/2014,144,99.09,141,62.9,N/A,11/27/2014,144,99.0933333333,-0,-0,141,62.9166666667,-0,-0
PG,1304-001,284,45G,,,,,,x,10/10/2014,N/A,N/A,11/5/2014,144,74,143,124.2,11/28/2014,144,99.09,143,73,N/A,11/28/2014,144,99.0933333333,-0,-0,143,73.0222222222,-0,-0
PG,1304-001,285,45G,,,,,,x,10/10/2014,N/A,N/A,11/5/2014,144,74,143,124.2,11/28/2014,144,99.09,143,73,N/A,11/28/2014,144,99.0933333333,-0,-0,143,73.0222222222,-0,-0
PG,1304-001,286,45G,,,,,,x,10/10/2014,N/A,N/A,11/5/2014,144,74,141,112.95,11/19/2014,144,99.09,141,62.9,N/A,11/27/2014,144,99.0933333333,-0,-0,141,62.9166666667,-0,-0
PG,1304-001,287,45G,,,,,,x,10/10/2014,N/A,N/A,11/5/2014,144,74,142,120.9,12/2/2014,144,99.09,142,62.7,N/A,12/2/2014,144,99.0933333333,-0,-0,142,62.6857142857,-0,-0
PG,1304-001,288,45G,,,,,,x,10/10/2014,N/A,N/A,11/5/2014,144,74,142,120.9,12/2/2014,144,99.09,142,62.7,N/A,12/2/2014,144,99.0933333333,-0,-0,142,62.6857142857,-0,-0
PG,1304-001,289,45G,,,,,,x,10/10/2014,0.1,11/5/2014,11/5/2014,144,74,142,120.9,12/2/2014,144,99.09,142,62.7,N/A,12/2/2014,144,99.0933333333,-0,-0,142,62.6857142857,-0,-0
PG,1304-001,290,45G,,x,10/1/2014,,,x,Destroyed,N/A,N/A,Destroyed,X,X,X,X,X,X,X,X,X,X,X,X,X,X,X,X,X,X,X
PG,1304-001,291,45G,,,,,,x,10/10/2014,0.115,11/5/2014,11/5/2014,144,74,142,120.9,12/2/2014,144,99.09,142,62.7,N/A,12/2/2014,144,99.0933333333,-0,-0,142,62.6857142857,-0,-0
PG,1304-001,292,45G,,,,,,x,10/10/2014,N/A,N/A,11/5/2014,144,74,143,124.2,11/28/2014,144,99.09,143,73,N/A,11/28/2014,144,99.0933333333,-0,-0,143,73.0222222222,-0,-0
PG,1304-001,293,45G,,,,,,x,10/10/2014,N/A,N/A,11/3/2014,144,74,133,147.03,12/1/2014,144,99.09,133,88,N/A,12/1/2014,144,99.0933333333,-0,-0,133,87.9857142857,-0,-0
PG,1304-001,294,45G,,,,,,x,10/10/2014,N/A,N/A,11/3/2014,144,74,133,147.03,12/1/2014,144,99.09,133,88,N/A,12/1/2014,144,99.0933333333,-0,-0,133,87.9857142857,-0,-0
PG,1304-001,295,45G,,,,,,x,10/10/2014,N/A,N/A,11/3/2014,144,74,133,147.03,12/1/2014,144,99.09,133,88,N/A,12/1/2014,144,99.0933333333,-0,-0,133,87.9857142857,-0,-0
PG,1304-001,296,45G,,,,,,x,10/10/2014,N/A,N/A,11/3/2014,144,74,133,147.03,12/1/2014,144,99.09,133,88,N/A,12/1/2014,144,99.0933333333,-0,-0,133,87.9857142857,-0,-0
PG,1304-001,297,45G,,,,,,x,10/10/2014,N/A,N/A,11/3/2014,144,74,133,147.03,12/1/2014,144,99.09,133,88,N/A,12/1/2014,144,99.0933333333,-0,-0,133,87.9857142857,-0,-0
PG,1304-001,298,45G,,,,,,x,10/10/2014,N/A,N/A,11/3/2014,144,74,133,147.03,12/1/2014,144,99.09,133,88,N/A,12/1/2014,144,99.0933333333,-0,-0,133,87.9857142857,--,--
PG,1304-001,299,45G,,,,,,x,10/10/2014,N/A,N/A,11/5/2014,144,74,143,124.2,11/28/2014,144,99.09,143,73,N/A,11/28/2014,144,99.0933333333,-0,-0,143,73.0222222222,-0,-0
PG,1304-001,300,45G,,,,,,x,10/10/2014,N/A,N/A,11/5/2014,144,74,141,113,11/19/2014,144,99.09,141,62.9,N/A,11/27/2014,144,99.0933333333,-0,-0,141,62.9166666667,-0,-0
PG,1304-001,301,45G,,,,,,x,10/10/2014,N/A,N/A,11/5/2014,144,74,141,112.95,11/19/2014,144,99.09,141,62.9,N/A,11/27/2014,144,99.0933333333,-0,-0,141,62.9166666667,-0,-0
PG,1304-001,302,45G,,,,,,x,10/10/2014,N/A,N/A,11/5/2014,144,74,143,124.2,11/28/2014,144,99.09,143,73,N/A,11/28/2014,144,99.0933333333,-0,-0,143,73.0222222222,-0,-0
PG,1304-001,303,45G,,,,,,x,10/10/2014,N/A,N/A,11/5/2014,144,74,142,120.9,12/2/2014,144,99.09,142,62.7,N/A,12/2/2014,144,99.0933333333,-0,-0,142,62.6857142857,-0,-0
PG,1304-001,304,45G,,,,,,x,10/10/2014,N/A,N/A,11/5/2014,144,74,141,112.95,11/19/2014,144,99.09,141,62.9,N/A,11/27/2014,144,99.0933333333,-0,-0,141,62.9166666667,-0,-0
PG,1304-001,305,45G,,,,,,x,10/10/2014,N/A,N/A,11/5/2014,144,74,141,112.95,11/19/2014,144,99.09,141,62.9,N/A,11/27/2014,144,99.0933333333,-0,-0,141,62.9166666667,-0,-0
PG,1304-001,306,45G,,,,,,x,10/10/2014,0.12,11/5/2014,11/5/2014,144,74,142,120.9,12/2/2014,144,99.09,142,62.7,N/A,12/2/2014,144,99.0933333333,-0,-0,142,62.6857142857,-0,-0
PG,1304-001,307,45G,,x,10/1/2014,,,x,Destroyed,N/A,N/A,Destroyed,X,X,X,X,X,X,X,X,X,X,X,X,X,X,X,X,X,X,X
SS,1,308,45G,,,,,,x,10/15/2014,0.135,10/27/2014,10/29/2014,55,132.2,53 54,536.8,12/11/2014,55,179.7,53 54,407.1,N/A,,55,,,,53 54,,,
CX-WW,01-001,309,45G,,,,,,x,10/15/2014,0.135,10/27/2014,10/29/2014,47,193.9,45 46,470.7,12/11/2014,47,337.9,45 46,244.5,N/A,,47,,,,45 46,,,
SQ,1,310,45G,,,,,,x,10/15/2014,0.075,10/27/2014,10/29/2014,41,127.8,42,288.3,12/11/2014,41,197.7,42,160.8,N/A,,41,,,,42,,,
CC,1,311,45G,,,,,,x,10/15/2014,0.05,10/27/2014,10/29/2014,43,94.7,44,283.8,12/11/2014,43,141.8,44,191.1,N/A,,43,,,,44,,,
NlxBb,1,312,45G,,,,,,x,10/15/2014,0.16,10/27/2014,10/29/2014,52,255.2,51,531.3,12/11/2014,52,326,51,369,N/A,,52,,,,51,,,
Cx-Ww,01-001,313,45G,,,,,,x,10/15/2014,0.09,10/30/2014,10/31/2014,138,57.24,131 132,684,11/18/2014,138,85,131 132,448.9,N/A,11/27/2014,138,85,1,425,131 132,448.9,2,#VALUE!
SQ,01-001,314,45G,,,,,,x,10/15/2014,0.14,10/27/2014,10/29/2014,50,205.4,48 49,632.5,12/11/2014,50,203.8,58 49,474.7,N/A,,50,,,,58 49,,,
